id,gender,age,country,city,exp_group,os,source
89990,0,71,Russia,Voronezh,0,Android,ads
2441,1,71,Russia,Voronezh,3,Android,ads
14184,1,66,Russia,Voronezh,3,Android,ads
35093,0,65,Russia,Voronezh,0,Android,ads
77284,0,64,Russia,Voronezh,4,Android,ads
6722,1,63,Russia,Voronezh,1,iOS,ads
109066,1,63,Russia,Voronezh,3,iOS,organic
114632,0,61,Russia,Voronezh,0,Android,organic
146021,1,61,Russia,Voronezh,1,Android,organic
41056,0,61,Russia,Voronezh,3,iOS,ads
129672,0,60,Russia,Voronezh,1,Android,organic
156281,0,59,Russia,Voronezh,2,Android,organic
1139,0,59,Russia,Voronezh,3,Android,ads
137354,0,58,Russia,Voronezh,2,iOS,organic
168353,0,58,Russia,Voronezh,4,iOS,organic
93673,0,58,Russia,Voronezh,4,Android,ads
96993,0,57,Russia,Voronezh,1,iOS,ads
31618,1,57,Russia,Voronezh,4,Android,ads
91787,0,57,Russia,Voronezh,4,Android,ads
107934,1,56,Russia,Voronezh,0,iOS,organic
118760,0,56,Russia,Voronezh,1,Android,organic
150450,1,55,Russia,Voronezh,0,iOS,organic
143950,1,55,Russia,Voronezh,1,iOS,organic
60673,1,54,Russia,Voronezh,1,Android,ads
77062,1,54,Russia,Voronezh,4,iOS,ads
55077,0,53,Russia,Voronezh,0,Android,ads
9850,0,53,Russia,Voronezh,0,iOS,ads
166857,1,53,Russia,Voronezh,0,Android,organic
12580,1,53,Russia,Voronezh,1,iOS,ads
40519,1,53,Russia,Voronezh,2,Android,ads
62307,1,53,Russia,Voronezh,4,iOS,ads
3265,0,52,Russia,Voronezh,0,Android,ads
122046,0,52,Russia,Voronezh,1,Android,organic
146205,0,52,Russia,Voronezh,1,iOS,organic
35605,1,52,Russia,Voronezh,3,Android,ads
127036,1,52,Russia,Voronezh,3,Android,organic
114940,1,52,Russia,Voronezh,3,Android,organic
66464,1,52,Russia,Voronezh,4,Android,ads
22313,0,51,Russia,Voronezh,0,Android,ads
52226,1,51,Russia,Voronezh,1,iOS,ads
36215,1,51,Russia,Voronezh,2,iOS,ads
126519,1,51,Russia,Voronezh,2,Android,organic
25990,0,51,Russia,Voronezh,2,Android,ads
56905,1,51,Russia,Voronezh,3,Android,ads
92823,1,51,Russia,Voronezh,3,Android,ads
157672,1,51,Russia,Voronezh,3,iOS,organic
38450,0,51,Russia,Voronezh,4,Android,ads
131386,1,51,Russia,Voronezh,4,iOS,organic
140450,0,51,Russia,Voronezh,4,Android,organic
95227,0,51,Russia,Voronezh,4,Android,ads
2550,0,50,Russia,Voronezh,2,Android,ads
158325,1,50,Russia,Voronezh,2,Android,organic
152069,0,50,Russia,Voronezh,2,Android,organic
129363,1,50,Russia,Voronezh,2,Android,organic
8391,1,50,Russia,Voronezh,2,Android,ads
59251,1,50,Russia,Voronezh,3,iOS,ads
129403,1,49,Russia,Voronezh,0,Android,organic
151488,1,49,Russia,Voronezh,1,Android,organic
14690,1,49,Russia,Voronezh,1,Android,ads
122596,1,49,Russia,Voronezh,2,Android,organic
94708,1,49,Russia,Voronezh,2,iOS,ads
20985,0,49,Russia,Voronezh,2,Android,ads
6691,1,49,Russia,Voronezh,3,iOS,ads
19623,1,49,Russia,Voronezh,4,Android,ads
31853,0,48,Russia,Voronezh,0,iOS,ads
30046,1,48,Russia,Voronezh,0,iOS,ads
44176,1,48,Russia,Voronezh,0,Android,ads
20767,1,48,Russia,Voronezh,1,iOS,ads
33909,1,48,Russia,Voronezh,1,iOS,ads
81224,0,48,Russia,Voronezh,2,Android,ads
153962,1,48,Russia,Voronezh,2,Android,organic
37582,1,48,Russia,Voronezh,2,Android,ads
36427,1,48,Russia,Voronezh,3,Android,ads
114921,0,48,Russia,Voronezh,3,Android,organic
108603,0,48,Russia,Voronezh,3,Android,organic
135511,1,48,Russia,Voronezh,4,iOS,organic
152127,0,47,Russia,Voronezh,0,Android,organic
161429,1,47,Russia,Voronezh,0,iOS,organic
36622,1,47,Russia,Voronezh,1,iOS,ads
50883,0,47,Russia,Voronezh,3,Android,ads
102718,0,47,Russia,Voronezh,3,iOS,ads
1506,1,47,Russia,Voronezh,3,Android,ads
77709,0,47,Russia,Voronezh,3,Android,ads
71976,0,47,Russia,Voronezh,3,Android,ads
117770,0,47,Russia,Voronezh,3,Android,organic
144751,0,47,Russia,Voronezh,4,Android,organic
102074,1,47,Russia,Voronezh,4,iOS,ads
126441,1,47,Russia,Voronezh,4,Android,organic
118057,1,47,Russia,Voronezh,4,Android,organic
9534,0,46,Russia,Voronezh,1,Android,ads
6922,0,46,Russia,Voronezh,1,Android,ads
71806,1,46,Russia,Voronezh,1,iOS,ads
27834,0,46,Russia,Voronezh,3,Android,ads
81690,1,46,Russia,Voronezh,4,Android,ads
68934,0,46,Russia,Voronezh,4,Android,ads
17624,0,46,Russia,Voronezh,4,Android,ads
55940,1,46,Russia,Voronezh,4,Android,ads
160437,1,45,Russia,Voronezh,0,Android,organic
12732,0,45,Russia,Voronezh,0,Android,ads
52065,0,45,Russia,Voronezh,0,iOS,ads
163286,1,45,Russia,Voronezh,1,Android,organic
22120,1,45,Russia,Voronezh,2,iOS,ads
126385,1,45,Russia,Voronezh,2,Android,organic
100831,0,45,Russia,Voronezh,4,iOS,ads
66281,1,45,Russia,Voronezh,4,Android,ads
152107,1,45,Russia,Voronezh,4,Android,organic
67988,0,44,Russia,Voronezh,0,Android,ads
43746,1,44,Russia,Voronezh,1,Android,ads
23533,1,44,Russia,Voronezh,1,Android,ads
102955,1,44,Russia,Voronezh,1,Android,ads
25606,1,44,Russia,Voronezh,2,Android,ads
67894,1,44,Russia,Voronezh,2,iOS,ads
20231,1,44,Russia,Voronezh,2,Android,ads
49018,1,44,Russia,Voronezh,2,Android,ads
133217,0,44,Russia,Voronezh,3,iOS,organic
35998,1,44,Russia,Voronezh,3,Android,ads
120395,0,44,Russia,Voronezh,3,Android,organic
83222,0,44,Russia,Voronezh,4,iOS,ads
103714,1,44,Russia,Voronezh,4,iOS,ads
87458,0,44,Russia,Voronezh,4,Android,ads
29914,1,44,Russia,Voronezh,4,Android,ads
61702,1,43,Russia,Voronezh,0,Android,ads
164823,0,43,Russia,Voronezh,0,Android,organic
147923,1,43,Russia,Voronezh,0,Android,organic
155792,0,43,Russia,Voronezh,0,Android,organic
126561,1,43,Russia,Voronezh,0,iOS,organic
162416,0,43,Russia,Voronezh,3,Android,organic
144111,1,43,Russia,Voronezh,3,Android,organic
8123,0,43,Russia,Voronezh,3,Android,ads
1574,1,43,Russia,Voronezh,3,Android,ads
118559,1,43,Russia,Voronezh,3,Android,organic
2991,0,43,Russia,Voronezh,4,Android,ads
60721,1,42,Russia,Voronezh,0,iOS,ads
164962,0,42,Russia,Voronezh,0,Android,organic
140747,1,42,Russia,Voronezh,1,iOS,organic
113022,0,42,Russia,Voronezh,1,Android,organic
151173,0,42,Russia,Voronezh,1,Android,organic
21308,1,42,Russia,Voronezh,2,Android,ads
21522,0,42,Russia,Voronezh,2,iOS,ads
24162,1,42,Russia,Voronezh,2,iOS,ads
24396,0,42,Russia,Voronezh,3,Android,ads
165873,0,42,Russia,Voronezh,4,iOS,organic
117632,0,42,Russia,Voronezh,4,Android,organic
84012,0,42,Russia,Voronezh,4,Android,ads
86349,0,41,Russia,Voronezh,0,Android,ads
19580,1,41,Russia,Voronezh,1,iOS,ads
8481,1,41,Russia,Voronezh,1,Android,ads
30688,0,41,Russia,Voronezh,1,Android,ads
142493,1,41,Russia,Voronezh,2,iOS,organic
76153,1,41,Russia,Voronezh,2,Android,ads
89816,1,41,Russia,Voronezh,2,Android,ads
136275,0,41,Russia,Voronezh,2,iOS,organic
99590,1,41,Russia,Voronezh,3,Android,ads
152412,0,41,Russia,Voronezh,3,iOS,organic
11159,1,41,Russia,Voronezh,3,Android,ads
110949,1,41,Russia,Voronezh,4,Android,organic
160533,0,41,Russia,Voronezh,4,iOS,organic
49316,0,41,Russia,Voronezh,4,Android,ads
103890,0,41,Russia,Voronezh,4,Android,ads
87513,1,40,Russia,Voronezh,0,Android,ads
139079,0,40,Russia,Voronezh,0,Android,organic
24699,0,40,Russia,Voronezh,0,iOS,ads
129665,0,40,Russia,Voronezh,0,iOS,organic
86382,1,40,Russia,Voronezh,0,Android,ads
112036,0,40,Russia,Voronezh,0,iOS,organic
11708,1,40,Russia,Voronezh,1,Android,ads
4091,1,40,Russia,Voronezh,1,Android,ads
28566,1,40,Russia,Voronezh,1,iOS,ads
103007,1,40,Russia,Voronezh,1,iOS,ads
115656,0,40,Russia,Voronezh,2,Android,organic
97732,1,40,Russia,Voronezh,3,Android,ads
166543,0,40,Russia,Voronezh,3,Android,organic
34948,1,40,Russia,Voronezh,4,Android,ads
96875,1,40,Russia,Voronezh,4,Android,ads
77130,0,39,Russia,Voronezh,0,iOS,ads
37386,1,39,Russia,Voronezh,1,Android,ads
93567,0,39,Russia,Voronezh,1,Android,ads
48991,1,39,Russia,Voronezh,1,iOS,ads
64186,0,39,Russia,Voronezh,2,iOS,ads
40130,0,39,Russia,Voronezh,2,iOS,ads
136162,0,39,Russia,Voronezh,2,Android,organic
2786,1,39,Russia,Voronezh,2,iOS,ads
123580,0,39,Russia,Voronezh,3,Android,organic
29365,1,39,Russia,Voronezh,3,Android,ads
75570,1,39,Russia,Voronezh,3,Android,ads
56554,0,39,Russia,Voronezh,3,Android,ads
10928,1,39,Russia,Voronezh,3,iOS,ads
150952,1,39,Russia,Voronezh,3,Android,organic
7829,0,39,Russia,Voronezh,3,Android,ads
60895,1,39,Russia,Voronezh,4,iOS,ads
149427,1,39,Russia,Voronezh,4,Android,organic
23113,0,39,Russia,Voronezh,4,Android,ads
110925,0,39,Russia,Voronezh,4,iOS,organic
149453,1,38,Russia,Voronezh,0,Android,organic
65733,0,38,Russia,Voronezh,0,Android,ads
50594,1,38,Russia,Voronezh,0,iOS,ads
7125,0,38,Russia,Voronezh,0,Android,ads
32568,0,38,Russia,Voronezh,0,Android,ads
83353,1,38,Russia,Voronezh,0,Android,ads
150411,1,38,Russia,Voronezh,1,iOS,organic
132143,1,38,Russia,Voronezh,1,Android,organic
17174,1,38,Russia,Voronezh,1,Android,ads
97226,1,38,Russia,Voronezh,1,Android,ads
20442,1,38,Russia,Voronezh,2,iOS,ads
67254,0,38,Russia,Voronezh,2,Android,ads
28105,1,38,Russia,Voronezh,2,iOS,ads
62996,1,38,Russia,Voronezh,2,iOS,ads
6085,1,38,Russia,Voronezh,2,Android,ads
24965,1,38,Russia,Voronezh,2,iOS,ads
30337,1,38,Russia,Voronezh,3,iOS,ads
13179,0,38,Russia,Voronezh,3,Android,ads
28237,0,38,Russia,Voronezh,3,Android,ads
29548,1,38,Russia,Voronezh,3,Android,ads
36927,0,38,Russia,Voronezh,3,Android,ads
38764,1,38,Russia,Voronezh,4,iOS,ads
10156,1,38,Russia,Voronezh,4,iOS,ads
121530,1,38,Russia,Voronezh,4,Android,organic
69445,1,37,Russia,Voronezh,0,Android,ads
82150,0,37,Russia,Voronezh,0,Android,ads
10539,0,37,Russia,Voronezh,0,Android,ads
64865,1,37,Russia,Voronezh,1,Android,ads
24614,1,37,Russia,Voronezh,1,Android,ads
97119,1,37,Russia,Voronezh,1,iOS,ads
75846,1,37,Russia,Voronezh,1,iOS,ads
32157,1,37,Russia,Voronezh,1,Android,ads
115011,1,37,Russia,Voronezh,1,iOS,organic
13413,1,37,Russia,Voronezh,1,iOS,ads
34985,1,37,Russia,Voronezh,1,iOS,ads
69367,0,37,Russia,Voronezh,1,iOS,ads
105161,0,37,Russia,Voronezh,2,Android,ads
89840,1,37,Russia,Voronezh,2,Android,ads
74124,1,37,Russia,Voronezh,2,Android,ads
157559,1,37,Russia,Voronezh,2,iOS,organic
167238,1,37,Russia,Voronezh,2,iOS,organic
71314,1,37,Russia,Voronezh,3,Android,ads
9963,1,37,Russia,Voronezh,3,Android,ads
45150,0,37,Russia,Voronezh,3,Android,ads
58005,1,37,Russia,Voronezh,3,iOS,ads
98156,1,37,Russia,Voronezh,3,Android,ads
167960,0,37,Russia,Voronezh,3,iOS,organic
133791,1,37,Russia,Voronezh,4,Android,organic
87895,1,37,Russia,Voronezh,4,iOS,ads
93843,1,37,Russia,Voronezh,4,iOS,ads
3536,1,36,Russia,Voronezh,0,Android,ads
24979,1,36,Russia,Voronezh,0,Android,ads
16688,0,36,Russia,Voronezh,0,Android,ads
14094,1,36,Russia,Voronezh,0,Android,ads
7671,1,36,Russia,Voronezh,0,Android,ads
6612,1,36,Russia,Voronezh,0,iOS,ads
56229,0,36,Russia,Voronezh,0,Android,ads
80351,0,36,Russia,Voronezh,0,iOS,ads
127823,0,36,Russia,Voronezh,0,Android,organic
127971,1,36,Russia,Voronezh,0,Android,organic
67299,1,36,Russia,Voronezh,1,Android,ads
113735,1,36,Russia,Voronezh,1,iOS,organic
149529,1,36,Russia,Voronezh,1,iOS,organic
116245,1,36,Russia,Voronezh,1,iOS,organic
114665,0,36,Russia,Voronezh,1,Android,organic
17159,0,36,Russia,Voronezh,1,Android,ads
73965,0,36,Russia,Voronezh,1,Android,ads
103135,0,36,Russia,Voronezh,1,iOS,ads
617,1,36,Russia,Voronezh,2,Android,ads
96591,1,36,Russia,Voronezh,2,iOS,ads
136687,1,36,Russia,Voronezh,2,Android,organic
67815,0,36,Russia,Voronezh,2,Android,ads
101244,1,36,Russia,Voronezh,2,iOS,ads
152420,0,36,Russia,Voronezh,2,iOS,organic
146489,0,36,Russia,Voronezh,3,Android,organic
3420,0,36,Russia,Voronezh,3,iOS,ads
151436,0,36,Russia,Voronezh,3,Android,organic
146268,1,36,Russia,Voronezh,3,Android,organic
33222,0,36,Russia,Voronezh,4,Android,ads
18577,0,36,Russia,Voronezh,4,Android,ads
156427,0,36,Russia,Voronezh,4,Android,organic
117216,1,36,Russia,Voronezh,4,Android,organic
86064,0,36,Russia,Voronezh,4,iOS,ads
126241,1,36,Russia,Voronezh,4,Android,organic
5327,0,36,Russia,Voronezh,4,Android,ads
60101,1,36,Russia,Voronezh,4,iOS,ads
140989,1,36,Russia,Voronezh,4,iOS,organic
93746,0,35,Russia,Voronezh,0,Android,ads
150932,1,35,Russia,Voronezh,0,Android,organic
155049,1,35,Russia,Voronezh,0,Android,organic
24274,0,35,Russia,Voronezh,0,Android,ads
108147,0,35,Russia,Voronezh,0,Android,organic
17521,1,35,Russia,Voronezh,0,iOS,ads
162321,0,35,Russia,Voronezh,0,Android,organic
34435,0,35,Russia,Voronezh,1,iOS,ads
69708,1,35,Russia,Voronezh,1,Android,ads
35288,0,35,Russia,Voronezh,1,Android,ads
63244,1,35,Russia,Voronezh,1,Android,ads
166358,1,35,Russia,Voronezh,1,Android,organic
74552,0,35,Russia,Voronezh,1,Android,ads
19629,1,35,Russia,Voronezh,2,Android,ads
131336,0,35,Russia,Voronezh,2,Android,organic
64594,0,35,Russia,Voronezh,2,iOS,ads
11655,0,35,Russia,Voronezh,2,Android,ads
49142,1,35,Russia,Voronezh,2,Android,ads
77596,0,35,Russia,Voronezh,3,Android,ads
120534,0,35,Russia,Voronezh,3,Android,organic
61398,1,35,Russia,Voronezh,3,iOS,ads
68597,1,35,Russia,Voronezh,3,Android,ads
137711,1,35,Russia,Voronezh,4,Android,organic
85684,1,35,Russia,Voronezh,4,Android,ads
86454,0,35,Russia,Voronezh,4,iOS,ads
125738,1,35,Russia,Voronezh,4,Android,organic
55177,1,35,Russia,Voronezh,4,Android,ads
63624,1,35,Russia,Voronezh,4,Android,ads
91372,0,35,Russia,Voronezh,4,Android,ads
141513,1,35,Russia,Voronezh,4,iOS,organic
2251,0,34,Russia,Voronezh,0,Android,ads
50206,1,34,Russia,Voronezh,0,iOS,ads
107853,1,34,Russia,Voronezh,0,Android,organic
131871,1,34,Russia,Voronezh,0,Android,organic
84422,0,34,Russia,Voronezh,1,iOS,ads
130959,1,34,Russia,Voronezh,1,Android,organic
128141,1,34,Russia,Voronezh,1,Android,organic
63498,1,34,Russia,Voronezh,1,Android,ads
142193,0,34,Russia,Voronezh,1,Android,organic
103606,1,34,Russia,Voronezh,1,iOS,ads
12564,1,34,Russia,Voronezh,2,iOS,ads
125246,1,34,Russia,Voronezh,2,Android,organic
77359,1,34,Russia,Voronezh,2,Android,ads
165410,1,34,Russia,Voronezh,2,Android,organic
40896,1,34,Russia,Voronezh,2,Android,ads
58639,0,34,Russia,Voronezh,2,iOS,ads
15261,0,34,Russia,Voronezh,2,iOS,ads
162986,0,34,Russia,Voronezh,2,iOS,organic
67778,0,34,Russia,Voronezh,3,Android,ads
60085,1,34,Russia,Voronezh,3,iOS,ads
164975,1,34,Russia,Voronezh,4,Android,organic
83933,0,34,Russia,Voronezh,4,iOS,ads
40485,0,34,Russia,Voronezh,4,Android,ads
74395,0,34,Russia,Voronezh,4,Android,ads
63717,0,34,Russia,Voronezh,4,Android,ads
132734,1,34,Russia,Voronezh,4,Android,organic
89688,0,34,Russia,Voronezh,4,iOS,ads
143184,1,33,Russia,Voronezh,0,Android,organic
37282,1,33,Russia,Voronezh,0,Android,ads
18333,0,33,Russia,Voronezh,0,Android,ads
100835,1,33,Russia,Voronezh,0,Android,ads
29160,1,33,Russia,Voronezh,0,iOS,ads
21438,0,33,Russia,Voronezh,0,Android,ads
2821,0,33,Russia,Voronezh,0,iOS,ads
150327,0,33,Russia,Voronezh,0,Android,organic
167147,0,33,Russia,Voronezh,0,Android,organic
5165,1,33,Russia,Voronezh,0,Android,ads
129179,0,33,Russia,Voronezh,1,Android,organic
125408,1,33,Russia,Voronezh,1,Android,organic
109716,0,33,Russia,Voronezh,1,Android,organic
109967,1,33,Russia,Voronezh,1,Android,organic
18944,1,33,Russia,Voronezh,1,Android,ads
98233,0,33,Russia,Voronezh,1,Android,ads
54997,1,33,Russia,Voronezh,1,Android,ads
140863,0,33,Russia,Voronezh,1,iOS,organic
24617,1,33,Russia,Voronezh,1,Android,ads
141200,0,33,Russia,Voronezh,2,Android,organic
121675,1,33,Russia,Voronezh,2,Android,organic
128725,1,33,Russia,Voronezh,2,iOS,organic
17289,0,33,Russia,Voronezh,2,Android,ads
138909,0,33,Russia,Voronezh,2,Android,organic
68264,1,33,Russia,Voronezh,2,Android,ads
21605,1,33,Russia,Voronezh,2,iOS,ads
86653,1,33,Russia,Voronezh,2,Android,ads
105538,1,33,Russia,Voronezh,2,Android,ads
147036,0,33,Russia,Voronezh,3,iOS,organic
29617,0,33,Russia,Voronezh,3,iOS,ads
27095,0,33,Russia,Voronezh,3,iOS,ads
28536,0,33,Russia,Voronezh,3,iOS,ads
95160,0,33,Russia,Voronezh,3,Android,ads
32358,0,33,Russia,Voronezh,3,iOS,ads
106910,1,33,Russia,Voronezh,4,Android,ads
163684,1,33,Russia,Voronezh,4,Android,organic
47249,0,33,Russia,Voronezh,4,Android,ads
74925,1,32,Russia,Voronezh,0,Android,ads
118127,0,32,Russia,Voronezh,1,Android,organic
20346,1,32,Russia,Voronezh,1,iOS,ads
76525,0,32,Russia,Voronezh,1,Android,ads
100151,0,32,Russia,Voronezh,1,Android,ads
157859,1,32,Russia,Voronezh,1,iOS,organic
94853,1,32,Russia,Voronezh,2,Android,ads
84581,1,32,Russia,Voronezh,2,iOS,ads
59197,0,32,Russia,Voronezh,2,Android,ads
132934,0,32,Russia,Voronezh,2,Android,organic
140689,1,32,Russia,Voronezh,2,Android,organic
123634,1,32,Russia,Voronezh,2,Android,organic
166631,0,32,Russia,Voronezh,2,Android,organic
138166,1,32,Russia,Voronezh,2,Android,organic
154877,1,32,Russia,Voronezh,2,iOS,organic
110916,1,32,Russia,Voronezh,2,iOS,organic
129133,0,32,Russia,Voronezh,3,Android,organic
86063,1,32,Russia,Voronezh,3,Android,ads
58816,1,32,Russia,Voronezh,3,Android,ads
44395,1,32,Russia,Voronezh,3,Android,ads
76202,0,32,Russia,Voronezh,3,Android,ads
52148,0,32,Russia,Voronezh,3,Android,ads
151125,1,32,Russia,Voronezh,3,Android,organic
150889,0,32,Russia,Voronezh,3,Android,organic
93045,1,32,Russia,Voronezh,4,iOS,ads
79313,1,32,Russia,Voronezh,4,iOS,ads
14953,0,32,Russia,Voronezh,4,Android,ads
72194,1,32,Russia,Voronezh,4,iOS,ads
111936,1,31,Russia,Voronezh,0,iOS,organic
70832,0,31,Russia,Voronezh,0,Android,ads
10061,1,31,Russia,Voronezh,0,iOS,ads
122629,0,31,Russia,Voronezh,0,Android,organic
122725,1,31,Russia,Voronezh,0,iOS,organic
30575,1,31,Russia,Voronezh,0,iOS,ads
82353,1,31,Russia,Voronezh,0,iOS,ads
162681,1,31,Russia,Voronezh,1,Android,organic
6547,1,31,Russia,Voronezh,1,Android,ads
94009,1,31,Russia,Voronezh,1,Android,ads
51277,1,31,Russia,Voronezh,1,Android,ads
95478,1,31,Russia,Voronezh,1,Android,ads
74825,1,31,Russia,Voronezh,1,iOS,ads
81887,0,31,Russia,Voronezh,1,Android,ads
22159,1,31,Russia,Voronezh,2,Android,ads
123759,1,31,Russia,Voronezh,2,iOS,organic
138586,1,31,Russia,Voronezh,2,Android,organic
117394,1,31,Russia,Voronezh,2,Android,organic
114280,1,31,Russia,Voronezh,2,Android,organic
162676,0,31,Russia,Voronezh,2,Android,organic
162648,0,31,Russia,Voronezh,2,Android,organic
144044,0,31,Russia,Voronezh,2,Android,organic
55260,0,31,Russia,Voronezh,2,Android,ads
148530,0,31,Russia,Voronezh,2,Android,organic
23998,0,31,Russia,Voronezh,3,Android,ads
93564,0,31,Russia,Voronezh,3,Android,ads
18209,1,31,Russia,Voronezh,3,iOS,ads
105200,1,31,Russia,Voronezh,4,iOS,ads
6673,1,31,Russia,Voronezh,4,Android,ads
115321,1,31,Russia,Voronezh,4,Android,organic
56658,0,31,Russia,Voronezh,4,iOS,ads
128669,0,31,Russia,Voronezh,4,Android,organic
155422,1,31,Russia,Voronezh,4,iOS,organic
79402,0,30,Russia,Voronezh,0,iOS,ads
73272,1,30,Russia,Voronezh,0,iOS,ads
78106,1,30,Russia,Voronezh,0,Android,ads
165154,1,30,Russia,Voronezh,0,Android,organic
95335,1,30,Russia,Voronezh,0,iOS,ads
23960,1,30,Russia,Voronezh,0,Android,ads
59568,0,30,Russia,Voronezh,1,Android,ads
164923,0,30,Russia,Voronezh,1,Android,organic
82358,0,30,Russia,Voronezh,1,iOS,ads
119847,0,30,Russia,Voronezh,1,iOS,organic
87009,1,30,Russia,Voronezh,1,iOS,ads
32742,0,30,Russia,Voronezh,1,iOS,ads
74590,1,30,Russia,Voronezh,1,iOS,ads
24977,0,30,Russia,Voronezh,1,iOS,ads
88147,1,30,Russia,Voronezh,2,Android,ads
85237,0,30,Russia,Voronezh,2,Android,ads
40487,1,30,Russia,Voronezh,2,iOS,ads
71835,1,30,Russia,Voronezh,2,iOS,ads
134173,0,30,Russia,Voronezh,2,Android,organic
131430,0,30,Russia,Voronezh,2,iOS,organic
89889,0,30,Russia,Voronezh,2,iOS,ads
16949,1,30,Russia,Voronezh,3,Android,ads
110350,1,30,Russia,Voronezh,3,Android,organic
139336,0,30,Russia,Voronezh,3,Android,organic
139377,1,30,Russia,Voronezh,3,Android,organic
139403,1,30,Russia,Voronezh,3,Android,organic
140877,1,30,Russia,Voronezh,3,Android,organic
137291,0,30,Russia,Voronezh,3,Android,organic
83851,1,30,Russia,Voronezh,3,Android,ads
128975,0,30,Russia,Voronezh,4,iOS,organic
112921,0,30,Russia,Voronezh,4,Android,organic
72400,1,30,Russia,Voronezh,4,Android,ads
108888,1,29,Russia,Voronezh,0,Android,organic
132684,1,29,Russia,Voronezh,0,Android,organic
92338,0,29,Russia,Voronezh,0,Android,ads
43692,1,29,Russia,Voronezh,1,Android,ads
18039,0,29,Russia,Voronezh,1,Android,ads
89420,0,29,Russia,Voronezh,1,Android,ads
128408,1,29,Russia,Voronezh,1,Android,organic
110216,1,29,Russia,Voronezh,1,Android,organic
101853,0,29,Russia,Voronezh,1,iOS,ads
161765,0,29,Russia,Voronezh,1,iOS,organic
106937,1,29,Russia,Voronezh,1,iOS,ads
20389,1,29,Russia,Voronezh,2,Android,ads
164972,1,29,Russia,Voronezh,2,Android,organic
65092,1,29,Russia,Voronezh,2,Android,ads
24105,0,29,Russia,Voronezh,2,iOS,ads
53617,0,29,Russia,Voronezh,3,iOS,ads
81097,1,29,Russia,Voronezh,3,Android,ads
62282,1,29,Russia,Voronezh,3,Android,ads
167385,1,29,Russia,Voronezh,3,Android,organic
166164,1,29,Russia,Voronezh,3,iOS,organic
21847,1,29,Russia,Voronezh,3,Android,ads
91665,0,29,Russia,Voronezh,3,Android,ads
151363,0,29,Russia,Voronezh,3,Android,organic
30974,1,29,Russia,Voronezh,3,Android,ads
52408,0,29,Russia,Voronezh,3,Android,ads
65180,1,29,Russia,Voronezh,3,iOS,ads
43150,0,29,Russia,Voronezh,4,iOS,ads
51612,1,29,Russia,Voronezh,4,iOS,ads
15605,1,29,Russia,Voronezh,4,Android,ads
136063,1,29,Russia,Voronezh,4,iOS,organic
24600,1,29,Russia,Voronezh,4,iOS,ads
36907,1,29,Russia,Voronezh,4,Android,ads
123621,0,29,Russia,Voronezh,4,Android,organic
130880,0,29,Russia,Voronezh,4,iOS,organic
116223,0,29,Russia,Voronezh,4,iOS,organic
125823,1,28,Russia,Voronezh,0,iOS,organic
114385,0,28,Russia,Voronezh,0,Android,organic
17433,1,28,Russia,Voronezh,0,Android,ads
19395,0,28,Russia,Voronezh,0,iOS,ads
80151,1,28,Russia,Voronezh,0,Android,ads
151551,1,28,Russia,Voronezh,0,Android,organic
114570,0,28,Russia,Voronezh,0,Android,organic
61860,0,28,Russia,Voronezh,0,iOS,ads
160264,1,28,Russia,Voronezh,0,Android,organic
62821,1,28,Russia,Voronezh,0,iOS,ads
130473,1,28,Russia,Voronezh,1,iOS,organic
134410,1,28,Russia,Voronezh,1,iOS,organic
13675,1,28,Russia,Voronezh,1,Android,ads
62029,0,28,Russia,Voronezh,1,Android,ads
76850,0,28,Russia,Voronezh,1,Android,ads
77173,1,28,Russia,Voronezh,1,Android,ads
72966,1,28,Russia,Voronezh,1,iOS,ads
97416,1,28,Russia,Voronezh,1,iOS,ads
99241,0,28,Russia,Voronezh,1,Android,ads
18008,1,28,Russia,Voronezh,2,Android,ads
43457,1,28,Russia,Voronezh,2,Android,ads
44362,1,28,Russia,Voronezh,2,Android,ads
58114,1,28,Russia,Voronezh,2,Android,ads
54651,1,28,Russia,Voronezh,2,Android,ads
50946,1,28,Russia,Voronezh,2,iOS,ads
81930,1,28,Russia,Voronezh,2,iOS,ads
143447,0,28,Russia,Voronezh,2,Android,organic
160275,1,28,Russia,Voronezh,2,Android,organic
110729,1,28,Russia,Voronezh,2,Android,organic
163217,0,28,Russia,Voronezh,2,Android,organic
78343,1,28,Russia,Voronezh,3,Android,ads
83641,0,28,Russia,Voronezh,3,Android,ads
147497,1,28,Russia,Voronezh,3,Android,organic
163756,1,28,Russia,Voronezh,3,Android,organic
142987,1,28,Russia,Voronezh,3,iOS,organic
53611,1,28,Russia,Voronezh,3,iOS,ads
166600,1,28,Russia,Voronezh,4,Android,organic
134696,1,28,Russia,Voronezh,4,Android,organic
112641,1,28,Russia,Voronezh,4,Android,organic
99606,1,28,Russia,Voronezh,4,Android,ads
143030,0,28,Russia,Voronezh,4,Android,organic
64620,1,28,Russia,Voronezh,4,Android,ads
82218,1,27,Russia,Voronezh,0,Android,ads
159626,0,27,Russia,Voronezh,0,Android,organic
77743,1,27,Russia,Voronezh,0,Android,ads
96777,1,27,Russia,Voronezh,0,Android,ads
5840,1,27,Russia,Voronezh,0,Android,ads
165921,0,27,Russia,Voronezh,0,iOS,organic
50871,1,27,Russia,Voronezh,1,Android,ads
1200,1,27,Russia,Voronezh,1,Android,ads
99555,1,27,Russia,Voronezh,1,Android,ads
65683,1,27,Russia,Voronezh,1,Android,ads
37937,1,27,Russia,Voronezh,1,Android,ads
12509,1,27,Russia,Voronezh,1,Android,ads
58812,1,27,Russia,Voronezh,1,iOS,ads
33399,0,27,Russia,Voronezh,1,iOS,ads
119394,0,27,Russia,Voronezh,1,Android,organic
95403,1,27,Russia,Voronezh,1,iOS,ads
39363,1,27,Russia,Voronezh,2,iOS,ads
150487,1,27,Russia,Voronezh,2,iOS,organic
95894,0,27,Russia,Voronezh,2,iOS,ads
147079,0,27,Russia,Voronezh,2,Android,organic
17235,1,27,Russia,Voronezh,2,iOS,ads
94662,0,27,Russia,Voronezh,2,Android,ads
154026,1,27,Russia,Voronezh,2,iOS,organic
53100,1,27,Russia,Voronezh,2,iOS,ads
69652,1,27,Russia,Voronezh,2,Android,ads
115464,0,27,Russia,Voronezh,2,Android,organic
26933,0,27,Russia,Voronezh,2,Android,ads
138773,1,27,Russia,Voronezh,2,iOS,organic
97842,1,27,Russia,Voronezh,2,Android,ads
82595,1,27,Russia,Voronezh,2,iOS,ads
133694,1,27,Russia,Voronezh,2,Android,organic
7844,1,27,Russia,Voronezh,3,Android,ads
87325,1,27,Russia,Voronezh,3,iOS,ads
68024,0,27,Russia,Voronezh,3,Android,ads
163743,1,27,Russia,Voronezh,3,Android,organic
31107,1,27,Russia,Voronezh,3,iOS,ads
90589,1,27,Russia,Voronezh,3,iOS,ads
58862,1,27,Russia,Voronezh,3,iOS,ads
76453,1,27,Russia,Voronezh,4,Android,ads
69264,1,27,Russia,Voronezh,4,iOS,ads
64991,1,27,Russia,Voronezh,4,Android,ads
13449,1,27,Russia,Voronezh,4,iOS,ads
52854,1,27,Russia,Voronezh,4,Android,ads
18826,1,27,Russia,Voronezh,4,Android,ads
125250,1,26,Russia,Voronezh,0,iOS,organic
6491,1,26,Russia,Voronezh,0,iOS,ads
91748,1,26,Russia,Voronezh,1,Android,ads
83021,0,26,Russia,Voronezh,1,Android,ads
145842,1,26,Russia,Voronezh,1,iOS,organic
26849,0,26,Russia,Voronezh,1,Android,ads
49362,0,26,Russia,Voronezh,1,Android,ads
95365,1,26,Russia,Voronezh,1,Android,ads
58524,0,26,Russia,Voronezh,1,Android,ads
139148,1,26,Russia,Voronezh,2,iOS,organic
155172,1,26,Russia,Voronezh,2,iOS,organic
87662,0,26,Russia,Voronezh,2,iOS,ads
152676,1,26,Russia,Voronezh,2,iOS,organic
36008,1,26,Russia,Voronezh,2,iOS,ads
163940,1,26,Russia,Voronezh,2,iOS,organic
72784,1,26,Russia,Voronezh,3,iOS,ads
97062,0,26,Russia,Voronezh,3,Android,ads
35741,1,26,Russia,Voronezh,3,Android,ads
34086,0,26,Russia,Voronezh,3,Android,ads
47413,1,26,Russia,Voronezh,3,Android,ads
20430,1,26,Russia,Voronezh,3,iOS,ads
54447,1,26,Russia,Voronezh,3,Android,ads
14847,1,26,Russia,Voronezh,4,Android,ads
39669,1,26,Russia,Voronezh,4,Android,ads
30759,1,26,Russia,Voronezh,4,Android,ads
23823,0,26,Russia,Voronezh,4,iOS,ads
153527,1,26,Russia,Voronezh,4,Android,organic
167493,1,26,Russia,Voronezh,4,Android,organic
108296,0,26,Russia,Voronezh,4,iOS,organic
26015,1,26,Russia,Voronezh,4,Android,ads
85700,1,26,Russia,Voronezh,4,iOS,ads
160127,1,25,Russia,Voronezh,0,Android,organic
20318,0,25,Russia,Voronezh,0,Android,ads
45545,0,25,Russia,Voronezh,1,iOS,ads
89256,0,25,Russia,Voronezh,1,iOS,ads
149509,1,25,Russia,Voronezh,1,iOS,organic
64681,1,25,Russia,Voronezh,1,Android,ads
166309,1,25,Russia,Voronezh,1,Android,organic
125784,0,25,Russia,Voronezh,1,Android,organic
36016,1,25,Russia,Voronezh,1,iOS,ads
148960,1,25,Russia,Voronezh,1,iOS,organic
40274,0,25,Russia,Voronezh,1,iOS,ads
104774,1,25,Russia,Voronezh,2,Android,ads
13749,0,25,Russia,Voronezh,2,Android,ads
28288,1,25,Russia,Voronezh,2,Android,ads
38512,1,25,Russia,Voronezh,2,iOS,ads
72556,0,25,Russia,Voronezh,2,Android,ads
104182,1,25,Russia,Voronezh,2,Android,ads
112228,0,25,Russia,Voronezh,2,Android,organic
147391,1,25,Russia,Voronezh,2,iOS,organic
152348,0,25,Russia,Voronezh,2,Android,organic
164411,1,25,Russia,Voronezh,2,Android,organic
78116,1,25,Russia,Voronezh,3,Android,ads
125802,1,25,Russia,Voronezh,3,Android,organic
34065,1,25,Russia,Voronezh,3,Android,ads
14600,0,25,Russia,Voronezh,3,iOS,ads
84345,1,25,Russia,Voronezh,3,iOS,ads
155286,0,25,Russia,Voronezh,3,iOS,organic
155793,1,25,Russia,Voronezh,3,Android,organic
112936,0,25,Russia,Voronezh,3,iOS,organic
101571,1,25,Russia,Voronezh,3,Android,ads
48383,0,25,Russia,Voronezh,3,Android,ads
113816,1,25,Russia,Voronezh,3,iOS,organic
57620,1,25,Russia,Voronezh,4,Android,ads
161953,1,25,Russia,Voronezh,4,iOS,organic
116414,1,25,Russia,Voronezh,4,iOS,organic
55277,0,25,Russia,Voronezh,4,Android,ads
35225,1,25,Russia,Voronezh,4,Android,ads
116836,0,25,Russia,Voronezh,4,Android,organic
27238,0,25,Russia,Voronezh,4,Android,ads
154120,0,25,Russia,Voronezh,4,iOS,organic
163190,1,25,Russia,Voronezh,4,Android,organic
156078,1,24,Russia,Voronezh,0,Android,organic
45159,0,24,Russia,Voronezh,0,Android,ads
84616,1,24,Russia,Voronezh,0,iOS,ads
4651,0,24,Russia,Voronezh,0,iOS,ads
162113,1,24,Russia,Voronezh,0,Android,organic
58004,1,24,Russia,Voronezh,0,Android,ads
84599,1,24,Russia,Voronezh,0,Android,ads
20791,0,24,Russia,Voronezh,0,Android,ads
5636,1,24,Russia,Voronezh,0,iOS,ads
126858,1,24,Russia,Voronezh,0,iOS,organic
114103,1,24,Russia,Voronezh,0,iOS,organic
124651,1,24,Russia,Voronezh,0,Android,organic
78917,1,24,Russia,Voronezh,0,iOS,ads
154332,1,24,Russia,Voronezh,0,Android,organic
92444,0,24,Russia,Voronezh,0,iOS,ads
108710,1,24,Russia,Voronezh,0,Android,organic
95070,1,24,Russia,Voronezh,0,Android,ads
126791,0,24,Russia,Voronezh,1,Android,organic
26987,0,24,Russia,Voronezh,1,iOS,ads
133064,0,24,Russia,Voronezh,1,iOS,organic
27922,0,24,Russia,Voronezh,1,Android,ads
167189,0,24,Russia,Voronezh,1,Android,organic
2529,1,24,Russia,Voronezh,1,Android,ads
165956,1,24,Russia,Voronezh,1,Android,organic
101567,1,24,Russia,Voronezh,1,Android,ads
168460,0,24,Russia,Voronezh,1,Android,organic
163761,1,24,Russia,Voronezh,1,Android,organic
11216,0,24,Russia,Voronezh,1,iOS,ads
41079,0,24,Russia,Voronezh,1,Android,ads
97440,1,24,Russia,Voronezh,1,iOS,ads
61815,0,24,Russia,Voronezh,1,iOS,ads
35343,0,24,Russia,Voronezh,1,Android,ads
129296,1,24,Russia,Voronezh,1,Android,organic
132005,1,24,Russia,Voronezh,1,Android,organic
123722,1,24,Russia,Voronezh,2,Android,organic
62420,0,24,Russia,Voronezh,2,Android,ads
150809,0,24,Russia,Voronezh,2,Android,organic
75132,1,24,Russia,Voronezh,2,Android,ads
21769,1,24,Russia,Voronezh,2,iOS,ads
77321,0,24,Russia,Voronezh,2,iOS,ads
93285,0,24,Russia,Voronezh,2,Android,ads
23573,0,24,Russia,Voronezh,2,Android,ads
984,0,24,Russia,Voronezh,2,iOS,ads
38489,0,24,Russia,Voronezh,2,iOS,ads
6715,1,24,Russia,Voronezh,2,Android,ads
76614,1,24,Russia,Voronezh,2,Android,ads
151457,1,24,Russia,Voronezh,2,Android,organic
78883,1,24,Russia,Voronezh,3,Android,ads
127479,1,24,Russia,Voronezh,3,iOS,organic
52699,0,24,Russia,Voronezh,3,Android,ads
49284,1,24,Russia,Voronezh,3,Android,ads
6692,0,24,Russia,Voronezh,3,Android,ads
155161,1,24,Russia,Voronezh,3,Android,organic
105190,1,24,Russia,Voronezh,3,iOS,ads
83754,0,24,Russia,Voronezh,3,Android,ads
60876,1,24,Russia,Voronezh,3,Android,ads
126450,0,24,Russia,Voronezh,3,iOS,organic
50942,0,24,Russia,Voronezh,3,Android,ads
141601,1,24,Russia,Voronezh,3,Android,organic
141883,1,24,Russia,Voronezh,4,iOS,organic
99217,0,24,Russia,Voronezh,4,Android,ads
165497,1,24,Russia,Voronezh,4,iOS,organic
130458,0,24,Russia,Voronezh,4,Android,organic
131879,0,24,Russia,Voronezh,4,iOS,organic
85617,1,24,Russia,Voronezh,4,Android,ads
26341,1,24,Russia,Voronezh,4,iOS,ads
19216,0,24,Russia,Voronezh,4,Android,ads
25223,1,24,Russia,Voronezh,4,Android,ads
28710,0,24,Russia,Voronezh,4,Android,ads
10856,0,24,Russia,Voronezh,4,iOS,ads
9720,1,24,Russia,Voronezh,4,Android,ads
103238,1,23,Russia,Voronezh,0,Android,ads
37939,0,23,Russia,Voronezh,0,iOS,ads
26092,0,23,Russia,Voronezh,0,iOS,ads
79200,1,23,Russia,Voronezh,0,Android,ads
48807,1,23,Russia,Voronezh,0,Android,ads
40933,1,23,Russia,Voronezh,0,Android,ads
41915,0,23,Russia,Voronezh,0,iOS,ads
27505,1,23,Russia,Voronezh,0,Android,ads
68740,0,23,Russia,Voronezh,0,iOS,ads
154440,1,23,Russia,Voronezh,0,Android,organic
50840,1,23,Russia,Voronezh,1,iOS,ads
167889,1,23,Russia,Voronezh,1,Android,organic
80195,1,23,Russia,Voronezh,1,Android,ads
164493,0,23,Russia,Voronezh,1,Android,organic
162915,0,23,Russia,Voronezh,1,Android,organic
9203,0,23,Russia,Voronezh,1,Android,ads
84709,0,23,Russia,Voronezh,1,Android,ads
17674,0,23,Russia,Voronezh,1,Android,ads
139366,0,23,Russia,Voronezh,1,Android,organic
66578,1,23,Russia,Voronezh,1,Android,ads
138700,0,23,Russia,Voronezh,1,Android,organic
137259,1,23,Russia,Voronezh,1,iOS,organic
125836,0,23,Russia,Voronezh,1,Android,organic
123779,1,23,Russia,Voronezh,1,Android,organic
58531,0,23,Russia,Voronezh,1,Android,ads
114728,0,23,Russia,Voronezh,1,Android,organic
148102,1,23,Russia,Voronezh,2,Android,organic
19521,1,23,Russia,Voronezh,2,Android,ads
128073,1,23,Russia,Voronezh,2,Android,organic
49210,1,23,Russia,Voronezh,2,Android,ads
28215,1,23,Russia,Voronezh,2,iOS,ads
1185,0,23,Russia,Voronezh,2,Android,ads
81276,0,23,Russia,Voronezh,2,Android,ads
66740,1,23,Russia,Voronezh,2,Android,ads
56653,1,23,Russia,Voronezh,2,Android,ads
73941,0,23,Russia,Voronezh,2,Android,ads
43992,1,23,Russia,Voronezh,2,Android,ads
156752,1,23,Russia,Voronezh,2,iOS,organic
130832,1,23,Russia,Voronezh,2,Android,organic
85112,1,23,Russia,Voronezh,2,Android,ads
58533,1,23,Russia,Voronezh,2,iOS,ads
38729,1,23,Russia,Voronezh,2,iOS,ads
67499,0,23,Russia,Voronezh,2,Android,ads
141389,1,23,Russia,Voronezh,2,iOS,organic
149749,1,23,Russia,Voronezh,2,iOS,organic
34367,1,23,Russia,Voronezh,2,iOS,ads
47236,0,23,Russia,Voronezh,3,Android,ads
90862,1,23,Russia,Voronezh,3,Android,ads
29402,0,23,Russia,Voronezh,3,Android,ads
36545,0,23,Russia,Voronezh,3,iOS,ads
38882,1,23,Russia,Voronezh,3,iOS,ads
118038,0,23,Russia,Voronezh,3,Android,organic
9097,0,23,Russia,Voronezh,3,iOS,ads
42337,1,23,Russia,Voronezh,3,Android,ads
42660,0,23,Russia,Voronezh,3,Android,ads
107982,1,23,Russia,Voronezh,3,Android,organic
162091,0,23,Russia,Voronezh,3,Android,organic
114435,0,23,Russia,Voronezh,3,Android,organic
73507,0,23,Russia,Voronezh,3,Android,ads
106340,1,23,Russia,Voronezh,4,Android,ads
28646,1,23,Russia,Voronezh,4,Android,ads
135822,1,23,Russia,Voronezh,4,Android,organic
90197,0,23,Russia,Voronezh,4,iOS,ads
140023,1,23,Russia,Voronezh,4,Android,organic
110287,1,23,Russia,Voronezh,4,Android,organic
86555,1,23,Russia,Voronezh,4,Android,ads
146033,0,23,Russia,Voronezh,4,Android,organic
112019,1,23,Russia,Voronezh,4,Android,organic
37072,1,23,Russia,Voronezh,4,Android,ads
17184,0,23,Russia,Voronezh,4,Android,ads
149734,1,22,Russia,Voronezh,0,Android,organic
37908,1,22,Russia,Voronezh,0,Android,ads
22948,1,22,Russia,Voronezh,0,Android,ads
124495,1,22,Russia,Voronezh,0,Android,organic
151000,1,22,Russia,Voronezh,0,iOS,organic
38082,0,22,Russia,Voronezh,0,iOS,ads
118432,1,22,Russia,Voronezh,0,iOS,organic
152585,1,22,Russia,Voronezh,0,iOS,organic
85171,1,22,Russia,Voronezh,0,Android,ads
116978,1,22,Russia,Voronezh,0,Android,organic
41895,0,22,Russia,Voronezh,0,iOS,ads
98179,0,22,Russia,Voronezh,0,iOS,ads
49736,1,22,Russia,Voronezh,0,Android,ads
30504,1,22,Russia,Voronezh,0,Android,ads
19654,0,22,Russia,Voronezh,0,Android,ads
128190,1,22,Russia,Voronezh,0,Android,organic
18287,0,22,Russia,Voronezh,0,Android,ads
88841,0,22,Russia,Voronezh,1,iOS,ads
89381,0,22,Russia,Voronezh,1,iOS,ads
29846,1,22,Russia,Voronezh,1,iOS,ads
112176,1,22,Russia,Voronezh,1,Android,organic
112579,1,22,Russia,Voronezh,1,Android,organic
3095,0,22,Russia,Voronezh,1,iOS,ads
112707,0,22,Russia,Voronezh,1,Android,organic
165451,1,22,Russia,Voronezh,1,Android,organic
112827,1,22,Russia,Voronezh,1,iOS,organic
158106,1,22,Russia,Voronezh,1,Android,organic
92131,0,22,Russia,Voronezh,2,Android,ads
167710,0,22,Russia,Voronezh,2,Android,organic
49496,1,22,Russia,Voronezh,2,Android,ads
144607,0,22,Russia,Voronezh,2,iOS,organic
82771,1,22,Russia,Voronezh,2,Android,ads
57800,1,22,Russia,Voronezh,2,Android,ads
59306,0,22,Russia,Voronezh,2,Android,ads
164450,1,22,Russia,Voronezh,2,Android,organic
64236,0,22,Russia,Voronezh,2,Android,ads
139477,1,22,Russia,Voronezh,2,iOS,organic
50022,1,22,Russia,Voronezh,2,Android,ads
104754,1,22,Russia,Voronezh,2,Android,ads
118708,1,22,Russia,Voronezh,2,iOS,organic
75689,0,22,Russia,Voronezh,2,Android,ads
75773,1,22,Russia,Voronezh,2,iOS,ads
153542,0,22,Russia,Voronezh,2,Android,organic
127777,0,22,Russia,Voronezh,2,iOS,organic
111315,1,22,Russia,Voronezh,3,Android,organic
161582,0,22,Russia,Voronezh,3,Android,organic
110785,1,22,Russia,Voronezh,3,Android,organic
141286,1,22,Russia,Voronezh,3,iOS,organic
35948,0,22,Russia,Voronezh,3,iOS,ads
129572,0,22,Russia,Voronezh,3,iOS,organic
123048,0,22,Russia,Voronezh,3,iOS,organic
135059,0,22,Russia,Voronezh,3,Android,organic
19020,0,22,Russia,Voronezh,3,iOS,ads
46663,0,22,Russia,Voronezh,3,iOS,ads
16254,1,22,Russia,Voronezh,3,iOS,ads
69056,1,22,Russia,Voronezh,3,Android,ads
70260,1,22,Russia,Voronezh,3,Android,ads
131182,0,22,Russia,Voronezh,3,Android,organic
18573,0,22,Russia,Voronezh,4,Android,ads
78906,0,22,Russia,Voronezh,4,Android,ads
68412,1,22,Russia,Voronezh,4,Android,ads
66386,0,22,Russia,Voronezh,4,Android,ads
66015,0,22,Russia,Voronezh,4,Android,ads
104849,1,22,Russia,Voronezh,4,Android,ads
53132,0,22,Russia,Voronezh,4,Android,ads
110115,1,22,Russia,Voronezh,4,iOS,organic
48673,0,22,Russia,Voronezh,4,iOS,ads
113220,0,22,Russia,Voronezh,4,iOS,organic
117392,1,22,Russia,Voronezh,4,iOS,organic
125134,0,22,Russia,Voronezh,4,Android,organic
36275,0,22,Russia,Voronezh,4,Android,ads
26869,0,22,Russia,Voronezh,4,Android,ads
18927,0,22,Russia,Voronezh,4,iOS,ads
150598,1,22,Russia,Voronezh,4,Android,organic
153279,1,22,Russia,Voronezh,4,Android,organic
154476,0,22,Russia,Voronezh,4,Android,organic
160944,1,22,Russia,Voronezh,4,iOS,organic
86479,0,21,Russia,Voronezh,0,iOS,ads
153216,0,21,Russia,Voronezh,0,Android,organic
55626,0,21,Russia,Voronezh,0,iOS,ads
49977,0,21,Russia,Voronezh,0,iOS,ads
134642,0,21,Russia,Voronezh,0,Android,organic
135515,1,21,Russia,Voronezh,0,Android,organic
59493,1,21,Russia,Voronezh,0,Android,ads
120226,1,21,Russia,Voronezh,0,Android,organic
6106,1,21,Russia,Voronezh,0,Android,ads
119070,1,21,Russia,Voronezh,0,iOS,organic
81997,1,21,Russia,Voronezh,0,iOS,ads
117442,1,21,Russia,Voronezh,0,Android,organic
42751,1,21,Russia,Voronezh,0,Android,ads
67945,0,21,Russia,Voronezh,0,iOS,ads
99686,0,21,Russia,Voronezh,0,iOS,ads
54483,1,21,Russia,Voronezh,0,iOS,ads
144711,0,21,Russia,Voronezh,0,iOS,organic
57057,1,21,Russia,Voronezh,1,Android,ads
118895,0,21,Russia,Voronezh,1,Android,organic
143961,1,21,Russia,Voronezh,1,Android,organic
1121,1,21,Russia,Voronezh,1,iOS,ads
160249,0,21,Russia,Voronezh,1,iOS,organic
159755,0,21,Russia,Voronezh,1,iOS,organic
56825,1,21,Russia,Voronezh,1,Android,ads
141382,1,21,Russia,Voronezh,1,Android,organic
15653,0,21,Russia,Voronezh,1,Android,ads
107722,1,21,Russia,Voronezh,1,Android,organic
35354,1,21,Russia,Voronezh,1,Android,ads
7545,1,21,Russia,Voronezh,1,Android,ads
15467,0,21,Russia,Voronezh,1,Android,ads
162912,0,21,Russia,Voronezh,1,Android,organic
63579,1,21,Russia,Voronezh,1,Android,ads
77672,1,21,Russia,Voronezh,1,Android,ads
77124,0,21,Russia,Voronezh,1,iOS,ads
165344,0,21,Russia,Voronezh,2,Android,organic
9992,0,21,Russia,Voronezh,2,iOS,ads
34400,1,21,Russia,Voronezh,2,Android,ads
70395,0,21,Russia,Voronezh,2,Android,ads
100939,1,21,Russia,Voronezh,2,Android,ads
22289,0,21,Russia,Voronezh,2,Android,ads
16262,1,21,Russia,Voronezh,2,Android,ads
27053,0,21,Russia,Voronezh,2,Android,ads
38349,1,21,Russia,Voronezh,2,Android,ads
27260,1,21,Russia,Voronezh,2,iOS,ads
71129,0,21,Russia,Voronezh,2,iOS,ads
159483,0,21,Russia,Voronezh,2,iOS,organic
46371,0,21,Russia,Voronezh,3,iOS,ads
75930,0,21,Russia,Voronezh,3,iOS,ads
164896,0,21,Russia,Voronezh,3,iOS,organic
22422,1,21,Russia,Voronezh,3,Android,ads
24055,1,21,Russia,Voronezh,3,Android,ads
4342,1,21,Russia,Voronezh,3,Android,ads
160536,1,21,Russia,Voronezh,3,Android,organic
95412,1,21,Russia,Voronezh,3,Android,ads
95831,0,21,Russia,Voronezh,3,Android,ads
60777,1,21,Russia,Voronezh,3,iOS,ads
47297,1,21,Russia,Voronezh,3,iOS,ads
160350,1,21,Russia,Voronezh,3,Android,organic
31468,0,21,Russia,Voronezh,3,iOS,ads
14795,1,21,Russia,Voronezh,3,Android,ads
154656,0,21,Russia,Voronezh,3,iOS,organic
111090,1,21,Russia,Voronezh,3,Android,organic
35286,0,21,Russia,Voronezh,3,Android,ads
97462,1,21,Russia,Voronezh,3,Android,ads
17560,1,21,Russia,Voronezh,3,Android,ads
999,1,21,Russia,Voronezh,3,iOS,ads
39672,1,21,Russia,Voronezh,4,Android,ads
147958,1,21,Russia,Voronezh,4,iOS,organic
86549,1,21,Russia,Voronezh,4,iOS,ads
152986,0,21,Russia,Voronezh,4,Android,organic
153341,0,21,Russia,Voronezh,4,Android,organic
22154,1,21,Russia,Voronezh,4,iOS,ads
143329,1,21,Russia,Voronezh,4,iOS,organic
22979,0,21,Russia,Voronezh,4,Android,ads
149115,1,21,Russia,Voronezh,4,Android,organic
58053,1,21,Russia,Voronezh,4,Android,ads
97760,1,21,Russia,Voronezh,4,Android,ads
117233,1,21,Russia,Voronezh,4,Android,organic
24178,0,21,Russia,Voronezh,4,Android,ads
118491,0,21,Russia,Voronezh,4,Android,organic
87778,0,21,Russia,Voronezh,4,Android,ads
109827,0,21,Russia,Voronezh,4,iOS,organic
86244,0,21,Russia,Voronezh,4,iOS,ads
149671,1,21,Russia,Voronezh,4,iOS,organic
70504,1,21,Russia,Voronezh,4,iOS,ads
88605,1,21,Russia,Voronezh,4,Android,ads
17593,0,21,Russia,Voronezh,4,Android,ads
91206,0,21,Russia,Voronezh,4,Android,ads
112081,1,21,Russia,Voronezh,4,Android,organic
24053,1,20,Russia,Voronezh,0,iOS,ads
84723,0,20,Russia,Voronezh,0,Android,ads
108487,1,20,Russia,Voronezh,0,Android,organic
82571,1,20,Russia,Voronezh,0,Android,ads
15443,0,20,Russia,Voronezh,0,iOS,ads
164049,0,20,Russia,Voronezh,0,Android,organic
1241,1,20,Russia,Voronezh,0,iOS,ads
98976,1,20,Russia,Voronezh,0,iOS,ads
165078,1,20,Russia,Voronezh,0,iOS,organic
87499,1,20,Russia,Voronezh,0,Android,ads
111515,1,20,Russia,Voronezh,0,iOS,organic
60694,1,20,Russia,Voronezh,1,Android,ads
151819,1,20,Russia,Voronezh,1,iOS,organic
151784,0,20,Russia,Voronezh,1,Android,organic
66725,1,20,Russia,Voronezh,1,Android,ads
157961,1,20,Russia,Voronezh,1,iOS,organic
53535,1,20,Russia,Voronezh,1,iOS,ads
79248,1,20,Russia,Voronezh,1,iOS,ads
33572,1,20,Russia,Voronezh,1,iOS,ads
13527,1,20,Russia,Voronezh,1,iOS,ads
140039,0,20,Russia,Voronezh,1,Android,organic
4214,0,20,Russia,Voronezh,1,Android,ads
61908,0,20,Russia,Voronezh,1,Android,ads
90271,0,20,Russia,Voronezh,1,iOS,ads
28918,0,20,Russia,Voronezh,1,Android,ads
95298,0,20,Russia,Voronezh,1,iOS,ads
72183,1,20,Russia,Voronezh,2,Android,ads
58428,0,20,Russia,Voronezh,2,Android,ads
152403,0,20,Russia,Voronezh,2,Android,organic
166354,0,20,Russia,Voronezh,2,Android,organic
166173,1,20,Russia,Voronezh,2,Android,organic
102602,1,20,Russia,Voronezh,2,Android,ads
48800,1,20,Russia,Voronezh,2,iOS,ads
138831,0,20,Russia,Voronezh,2,iOS,organic
73483,0,20,Russia,Voronezh,2,Android,ads
85752,1,20,Russia,Voronezh,2,Android,ads
38650,0,20,Russia,Voronezh,2,iOS,ads
47931,0,20,Russia,Voronezh,2,Android,ads
86723,1,20,Russia,Voronezh,2,Android,ads
36790,1,20,Russia,Voronezh,2,iOS,ads
157528,0,20,Russia,Voronezh,2,Android,organic
86867,0,20,Russia,Voronezh,2,Android,ads
54339,0,20,Russia,Voronezh,2,iOS,ads
14606,0,20,Russia,Voronezh,3,Android,ads
30027,0,20,Russia,Voronezh,3,Android,ads
73940,1,20,Russia,Voronezh,3,Android,ads
118690,1,20,Russia,Voronezh,3,iOS,organic
165002,1,20,Russia,Voronezh,3,Android,organic
94524,0,20,Russia,Voronezh,3,Android,ads
157314,0,20,Russia,Voronezh,3,Android,organic
84827,0,20,Russia,Voronezh,3,Android,ads
85742,0,20,Russia,Voronezh,3,iOS,ads
53271,1,20,Russia,Voronezh,3,iOS,ads
167492,0,20,Russia,Voronezh,3,iOS,organic
138431,0,20,Russia,Voronezh,3,iOS,organic
147915,0,20,Russia,Voronezh,3,Android,organic
124950,1,20,Russia,Voronezh,3,Android,organic
35545,1,20,Russia,Voronezh,4,iOS,ads
152977,0,20,Russia,Voronezh,4,Android,organic
40522,0,20,Russia,Voronezh,4,Android,ads
102737,0,20,Russia,Voronezh,4,Android,ads
74329,1,20,Russia,Voronezh,4,Android,ads
55704,1,20,Russia,Voronezh,4,iOS,ads
66521,1,20,Russia,Voronezh,4,Android,ads
155368,1,20,Russia,Voronezh,4,Android,organic
66215,0,20,Russia,Voronezh,4,iOS,ads
137164,1,20,Russia,Voronezh,4,Android,organic
69634,0,20,Russia,Voronezh,4,Android,ads
147948,0,20,Russia,Voronezh,4,iOS,organic
111208,1,20,Russia,Voronezh,4,iOS,organic
76207,1,20,Russia,Voronezh,4,Android,ads
63527,0,20,Russia,Voronezh,4,iOS,ads
85649,1,20,Russia,Voronezh,4,Android,ads
80380,1,20,Russia,Voronezh,4,Android,ads
48255,0,20,Russia,Voronezh,4,Android,ads
90944,0,20,Russia,Voronezh,4,iOS,ads
141181,1,20,Russia,Voronezh,4,Android,organic
85541,1,19,Russia,Voronezh,0,Android,ads
166925,0,19,Russia,Voronezh,0,Android,organic
45553,1,19,Russia,Voronezh,0,Android,ads
117586,1,19,Russia,Voronezh,0,Android,organic
58486,0,19,Russia,Voronezh,0,Android,ads
7265,1,19,Russia,Voronezh,0,iOS,ads
61140,1,19,Russia,Voronezh,0,iOS,ads
92813,0,19,Russia,Voronezh,0,Android,ads
132298,1,19,Russia,Voronezh,0,Android,organic
28313,1,19,Russia,Voronezh,0,Android,ads
24414,1,19,Russia,Voronezh,0,iOS,ads
24093,1,19,Russia,Voronezh,0,Android,ads
23536,0,19,Russia,Voronezh,0,Android,ads
20028,1,19,Russia,Voronezh,0,Android,ads
824,1,19,Russia,Voronezh,0,Android,ads
149563,0,19,Russia,Voronezh,0,iOS,organic
150152,0,19,Russia,Voronezh,0,Android,organic
17363,1,19,Russia,Voronezh,0,Android,ads
2941,0,19,Russia,Voronezh,1,Android,ads
154592,1,19,Russia,Voronezh,1,Android,organic
111792,1,19,Russia,Voronezh,1,iOS,organic
92151,1,19,Russia,Voronezh,1,iOS,ads
139169,1,19,Russia,Voronezh,1,Android,organic
139465,0,19,Russia,Voronezh,1,Android,organic
38474,1,19,Russia,Voronezh,1,Android,ads
165128,0,19,Russia,Voronezh,1,Android,organic
86665,0,19,Russia,Voronezh,1,Android,ads
29256,1,19,Russia,Voronezh,1,iOS,ads
160312,1,19,Russia,Voronezh,1,Android,organic
162296,0,19,Russia,Voronezh,1,Android,organic
2702,0,19,Russia,Voronezh,1,Android,ads
6259,1,19,Russia,Voronezh,1,iOS,ads
49845,1,19,Russia,Voronezh,2,Android,ads
156445,0,19,Russia,Voronezh,2,Android,organic
12915,0,19,Russia,Voronezh,2,Android,ads
168348,0,19,Russia,Voronezh,2,Android,organic
60301,1,19,Russia,Voronezh,2,Android,ads
86832,1,19,Russia,Voronezh,2,Android,ads
131818,1,19,Russia,Voronezh,2,Android,organic
39296,1,19,Russia,Voronezh,2,iOS,ads
58000,1,19,Russia,Voronezh,2,iOS,ads
3274,1,19,Russia,Voronezh,2,Android,ads
85505,0,19,Russia,Voronezh,2,iOS,ads
59396,0,19,Russia,Voronezh,2,Android,ads
115307,0,19,Russia,Voronezh,2,Android,organic
142762,0,19,Russia,Voronezh,2,iOS,organic
167997,1,19,Russia,Voronezh,3,iOS,organic
5615,1,19,Russia,Voronezh,3,Android,ads
16549,1,19,Russia,Voronezh,3,Android,ads
150812,1,19,Russia,Voronezh,3,Android,organic
132945,0,19,Russia,Voronezh,3,Android,organic
15000,0,19,Russia,Voronezh,3,Android,ads
161508,0,19,Russia,Voronezh,3,Android,organic
1863,1,19,Russia,Voronezh,3,iOS,ads
111137,1,19,Russia,Voronezh,3,Android,organic
36802,0,19,Russia,Voronezh,3,iOS,ads
48307,1,19,Russia,Voronezh,3,iOS,ads
61909,0,19,Russia,Voronezh,3,Android,ads
168275,0,19,Russia,Voronezh,3,Android,organic
136381,0,19,Russia,Voronezh,3,iOS,organic
155466,1,19,Russia,Voronezh,3,iOS,organic
131229,1,19,Russia,Voronezh,3,iOS,organic
114169,1,19,Russia,Voronezh,3,Android,organic
22383,0,19,Russia,Voronezh,3,Android,ads
39341,1,19,Russia,Voronezh,3,iOS,ads
88123,0,19,Russia,Voronezh,3,Android,ads
90141,1,19,Russia,Voronezh,4,Android,ads
145564,1,19,Russia,Voronezh,4,Android,organic
10687,1,19,Russia,Voronezh,4,iOS,ads
29284,1,19,Russia,Voronezh,4,iOS,ads
110317,0,19,Russia,Voronezh,4,iOS,organic
75195,0,19,Russia,Voronezh,4,iOS,ads
29774,1,19,Russia,Voronezh,4,iOS,ads
105903,0,19,Russia,Voronezh,4,iOS,ads
91256,1,19,Russia,Voronezh,4,iOS,ads
16369,1,19,Russia,Voronezh,4,Android,ads
117200,0,19,Russia,Voronezh,4,Android,organic
40538,0,19,Russia,Voronezh,4,Android,ads
82725,1,19,Russia,Voronezh,4,Android,ads
70497,1,19,Russia,Voronezh,4,Android,ads
153652,1,18,Russia,Voronezh,0,Android,organic
33235,1,18,Russia,Voronezh,0,Android,ads
63555,0,18,Russia,Voronezh,0,iOS,ads
112481,1,18,Russia,Voronezh,0,iOS,organic
138820,1,18,Russia,Voronezh,0,Android,organic
139613,0,18,Russia,Voronezh,0,Android,organic
112714,0,18,Russia,Voronezh,0,Android,organic
108731,1,18,Russia,Voronezh,0,Android,organic
141884,0,18,Russia,Voronezh,0,Android,organic
82818,1,18,Russia,Voronezh,0,Android,ads
106536,0,18,Russia,Voronezh,0,Android,ads
117596,1,18,Russia,Voronezh,1,Android,organic
63587,1,18,Russia,Voronezh,1,iOS,ads
12608,1,18,Russia,Voronezh,1,Android,ads
28413,1,18,Russia,Voronezh,1,iOS,ads
138403,1,18,Russia,Voronezh,1,Android,organic
6471,0,18,Russia,Voronezh,1,Android,ads
25045,1,18,Russia,Voronezh,1,Android,ads
153999,1,18,Russia,Voronezh,1,Android,organic
43896,1,18,Russia,Voronezh,1,Android,ads
23055,1,18,Russia,Voronezh,1,Android,ads
44643,1,18,Russia,Voronezh,1,iOS,ads
70255,1,18,Russia,Voronezh,1,Android,ads
109593,1,18,Russia,Voronezh,1,Android,organic
3047,0,18,Russia,Voronezh,2,Android,ads
109429,1,18,Russia,Voronezh,2,Android,organic
107738,1,18,Russia,Voronezh,2,iOS,organic
65459,1,18,Russia,Voronezh,2,Android,ads
73300,1,18,Russia,Voronezh,2,Android,ads
73388,0,18,Russia,Voronezh,2,iOS,ads
114775,0,18,Russia,Voronezh,2,iOS,organic
66233,0,18,Russia,Voronezh,2,iOS,ads
17615,1,18,Russia,Voronezh,2,Android,ads
117698,0,18,Russia,Voronezh,2,Android,organic
158778,0,18,Russia,Voronezh,2,Android,organic
36143,1,18,Russia,Voronezh,2,Android,ads
158037,0,18,Russia,Voronezh,2,Android,organic
107973,1,18,Russia,Voronezh,2,Android,organic
115260,0,18,Russia,Voronezh,2,Android,organic
59124,0,18,Russia,Voronezh,2,Android,ads
51924,0,18,Russia,Voronezh,2,iOS,ads
117524,0,18,Russia,Voronezh,2,Android,organic
10474,1,18,Russia,Voronezh,2,Android,ads
36420,0,18,Russia,Voronezh,2,iOS,ads
120368,0,18,Russia,Voronezh,3,iOS,organic
130414,0,18,Russia,Voronezh,3,Android,organic
14689,0,18,Russia,Voronezh,3,Android,ads
81279,0,18,Russia,Voronezh,3,Android,ads
82414,1,18,Russia,Voronezh,3,Android,ads
14248,1,18,Russia,Voronezh,3,Android,ads
8717,0,18,Russia,Voronezh,3,iOS,ads
100922,1,18,Russia,Voronezh,3,Android,ads
146549,0,18,Russia,Voronezh,3,Android,organic
156911,1,18,Russia,Voronezh,3,Android,organic
36570,0,18,Russia,Voronezh,3,Android,ads
1057,0,18,Russia,Voronezh,3,Android,ads
125880,0,18,Russia,Voronezh,3,Android,organic
110482,0,18,Russia,Voronezh,3,Android,organic
133435,0,18,Russia,Voronezh,3,iOS,organic
83128,1,18,Russia,Voronezh,3,Android,ads
60974,0,18,Russia,Voronezh,3,Android,ads
62717,1,18,Russia,Voronezh,3,Android,ads
158879,0,18,Russia,Voronezh,3,iOS,organic
64337,0,18,Russia,Voronezh,3,Android,ads
141863,1,18,Russia,Voronezh,3,Android,organic
53399,1,18,Russia,Voronezh,4,Android,ads
90881,0,18,Russia,Voronezh,4,iOS,ads
88162,0,18,Russia,Voronezh,4,iOS,ads
73226,1,18,Russia,Voronezh,4,Android,ads
159788,0,18,Russia,Voronezh,4,Android,organic
161903,0,18,Russia,Voronezh,4,iOS,organic
97305,0,18,Russia,Voronezh,4,iOS,ads
74565,1,18,Russia,Voronezh,4,iOS,ads
20548,0,18,Russia,Voronezh,4,Android,ads
160292,1,17,Russia,Voronezh,0,iOS,organic
128192,1,17,Russia,Voronezh,0,iOS,organic
154633,1,17,Russia,Voronezh,0,Android,organic
67221,1,17,Russia,Voronezh,0,Android,ads
165139,0,17,Russia,Voronezh,0,iOS,organic
98008,1,17,Russia,Voronezh,0,Android,ads
35448,0,17,Russia,Voronezh,0,Android,ads
117052,0,17,Russia,Voronezh,0,Android,organic
84030,1,17,Russia,Voronezh,0,iOS,ads
108946,0,17,Russia,Voronezh,0,Android,organic
93398,1,17,Russia,Voronezh,0,iOS,ads
33971,1,17,Russia,Voronezh,0,iOS,ads
31666,0,17,Russia,Voronezh,1,iOS,ads
110174,0,17,Russia,Voronezh,1,Android,organic
113952,1,17,Russia,Voronezh,1,Android,organic
57858,0,17,Russia,Voronezh,1,Android,ads
70041,1,17,Russia,Voronezh,1,Android,ads
74549,0,17,Russia,Voronezh,1,iOS,ads
152897,1,17,Russia,Voronezh,2,Android,organic
49950,1,17,Russia,Voronezh,2,iOS,ads
106655,0,17,Russia,Voronezh,2,iOS,ads
48541,1,17,Russia,Voronezh,2,Android,ads
100959,1,17,Russia,Voronezh,2,Android,ads
164039,0,17,Russia,Voronezh,2,Android,organic
82473,0,17,Russia,Voronezh,2,Android,ads
129606,1,17,Russia,Voronezh,2,Android,organic
53175,1,17,Russia,Voronezh,2,Android,ads
132659,1,17,Russia,Voronezh,2,Android,organic
19485,1,17,Russia,Voronezh,2,Android,ads
17338,1,17,Russia,Voronezh,3,Android,ads
71623,0,17,Russia,Voronezh,3,iOS,ads
90578,0,17,Russia,Voronezh,3,iOS,ads
71766,1,17,Russia,Voronezh,3,Android,ads
90921,0,17,Russia,Voronezh,3,Android,ads
59842,1,17,Russia,Voronezh,3,iOS,ads
122297,1,17,Russia,Voronezh,3,iOS,organic
7154,0,17,Russia,Voronezh,3,Android,ads
98256,0,17,Russia,Voronezh,3,Android,ads
110895,1,17,Russia,Voronezh,3,Android,organic
53899,1,17,Russia,Voronezh,3,iOS,ads
103799,0,17,Russia,Voronezh,3,Android,ads
16059,1,17,Russia,Voronezh,4,iOS,ads
100465,0,17,Russia,Voronezh,4,Android,ads
101387,1,17,Russia,Voronezh,4,Android,ads
153799,1,17,Russia,Voronezh,4,Android,organic
15064,1,17,Russia,Voronezh,4,Android,ads
84211,1,17,Russia,Voronezh,4,Android,ads
130514,0,17,Russia,Voronezh,4,Android,organic
52422,1,17,Russia,Voronezh,4,iOS,ads
78588,0,16,Russia,Voronezh,0,Android,ads
86364,1,16,Russia,Voronezh,0,Android,ads
62467,0,16,Russia,Voronezh,0,iOS,ads
100669,0,16,Russia,Voronezh,0,iOS,ads
63253,0,16,Russia,Voronezh,0,Android,ads
17561,1,16,Russia,Voronezh,0,Android,ads
72379,0,16,Russia,Voronezh,0,Android,ads
13500,1,16,Russia,Voronezh,0,Android,ads
159204,1,16,Russia,Voronezh,0,iOS,organic
105841,1,16,Russia,Voronezh,0,iOS,ads
99280,0,16,Russia,Voronezh,0,iOS,ads
149860,0,16,Russia,Voronezh,0,Android,organic
59648,1,16,Russia,Voronezh,0,Android,ads
108765,0,16,Russia,Voronezh,0,Android,organic
141106,1,16,Russia,Voronezh,1,Android,organic
145729,1,16,Russia,Voronezh,1,iOS,organic
31147,1,16,Russia,Voronezh,1,Android,ads
96890,0,16,Russia,Voronezh,1,Android,ads
109855,1,16,Russia,Voronezh,2,Android,organic
24528,1,16,Russia,Voronezh,2,Android,ads
18595,1,16,Russia,Voronezh,2,iOS,ads
26297,1,16,Russia,Voronezh,2,Android,ads
1814,1,16,Russia,Voronezh,2,Android,ads
28772,0,16,Russia,Voronezh,2,Android,ads
158025,1,16,Russia,Voronezh,2,Android,organic
39936,0,16,Russia,Voronezh,2,Android,ads
30228,1,16,Russia,Voronezh,2,iOS,ads
39547,1,16,Russia,Voronezh,2,iOS,ads
160837,0,16,Russia,Voronezh,2,Android,organic
147967,1,16,Russia,Voronezh,3,Android,organic
76069,1,16,Russia,Voronezh,3,Android,ads
35396,0,16,Russia,Voronezh,3,Android,ads
37989,1,16,Russia,Voronezh,3,Android,ads
94245,0,16,Russia,Voronezh,3,Android,ads
38694,1,16,Russia,Voronezh,3,Android,ads
134661,1,16,Russia,Voronezh,3,iOS,organic
165597,0,16,Russia,Voronezh,3,Android,organic
67900,0,16,Russia,Voronezh,3,Android,ads
108880,0,16,Russia,Voronezh,3,iOS,organic
73654,1,16,Russia,Voronezh,3,Android,ads
161039,1,16,Russia,Voronezh,3,iOS,organic
120890,0,16,Russia,Voronezh,3,iOS,organic
109954,1,16,Russia,Voronezh,3,Android,organic
75106,1,16,Russia,Voronezh,4,Android,ads
164277,1,16,Russia,Voronezh,4,Android,organic
13488,1,16,Russia,Voronezh,4,Android,ads
111074,1,16,Russia,Voronezh,4,iOS,organic
95375,0,16,Russia,Voronezh,4,Android,ads
32971,1,16,Russia,Voronezh,4,Android,ads
119635,1,16,Russia,Voronezh,4,Android,organic
34754,1,16,Russia,Voronezh,4,Android,ads
95945,1,16,Russia,Voronezh,4,iOS,ads
124859,1,16,Russia,Voronezh,4,iOS,organic
40529,1,16,Russia,Voronezh,4,Android,ads
22470,1,15,Russia,Voronezh,0,Android,ads
154210,1,15,Russia,Voronezh,0,Android,organic
88519,1,15,Russia,Voronezh,0,Android,ads
135341,1,15,Russia,Voronezh,0,Android,organic
109683,0,15,Russia,Voronezh,0,Android,organic
134285,1,15,Russia,Voronezh,0,iOS,organic
5626,1,15,Russia,Voronezh,0,Android,ads
45213,0,15,Russia,Voronezh,0,Android,ads
113239,1,15,Russia,Voronezh,0,Android,organic
77364,1,15,Russia,Voronezh,0,Android,ads
105455,1,15,Russia,Voronezh,0,Android,ads
121620,0,15,Russia,Voronezh,1,iOS,organic
9995,1,15,Russia,Voronezh,1,iOS,ads
159287,1,15,Russia,Voronezh,1,iOS,organic
57170,0,15,Russia,Voronezh,1,Android,ads
66271,0,15,Russia,Voronezh,1,Android,ads
112832,0,15,Russia,Voronezh,1,Android,organic
64407,0,15,Russia,Voronezh,1,Android,ads
25824,1,15,Russia,Voronezh,1,iOS,ads
90387,1,15,Russia,Voronezh,2,Android,ads
87434,0,15,Russia,Voronezh,2,Android,ads
81588,0,15,Russia,Voronezh,2,Android,ads
61371,1,15,Russia,Voronezh,2,Android,ads
8852,0,15,Russia,Voronezh,2,iOS,ads
149363,0,15,Russia,Voronezh,2,Android,organic
70287,0,15,Russia,Voronezh,2,Android,ads
82201,1,15,Russia,Voronezh,2,iOS,ads
70496,0,15,Russia,Voronezh,3,iOS,ads
79066,1,15,Russia,Voronezh,3,Android,ads
58751,1,15,Russia,Voronezh,3,Android,ads
117918,1,15,Russia,Voronezh,3,Android,organic
107823,1,15,Russia,Voronezh,3,Android,organic
99025,0,15,Russia,Voronezh,3,iOS,ads
149444,0,15,Russia,Voronezh,3,Android,organic
165138,1,15,Russia,Voronezh,3,Android,organic
83922,1,15,Russia,Voronezh,3,Android,ads
137491,1,15,Russia,Voronezh,3,Android,organic
137678,1,15,Russia,Voronezh,3,iOS,organic
126214,0,15,Russia,Voronezh,3,iOS,organic
138179,1,15,Russia,Voronezh,3,Android,organic
80473,1,15,Russia,Voronezh,4,Android,ads
121829,1,15,Russia,Voronezh,4,Android,organic
52116,1,15,Russia,Voronezh,4,Android,ads
311,1,15,Russia,Voronezh,4,Android,ads
151527,1,15,Russia,Voronezh,4,Android,organic
39550,1,15,Russia,Voronezh,4,Android,ads
18876,0,15,Russia,Voronezh,4,iOS,ads
27770,1,15,Russia,Voronezh,4,Android,ads
6898,1,15,Russia,Voronezh,4,Android,ads
58030,0,14,Russia,Voronezh,0,Android,ads
11927,0,14,Russia,Voronezh,0,Android,ads
37957,1,14,Russia,Voronezh,0,Android,ads
9035,0,14,Russia,Voronezh,0,Android,ads
85721,0,14,Russia,Voronezh,0,Android,ads
97918,1,14,Russia,Voronezh,1,Android,ads
113453,1,14,Russia,Voronezh,1,iOS,organic
27961,0,14,Russia,Voronezh,1,Android,ads
86312,0,14,Russia,Voronezh,1,Android,ads
139606,1,14,Russia,Voronezh,1,Android,organic
145279,0,14,Russia,Voronezh,2,Android,organic
32144,0,14,Russia,Voronezh,2,iOS,ads
24373,0,14,Russia,Voronezh,2,Android,ads
4074,1,14,Russia,Voronezh,2,iOS,ads
88597,0,14,Russia,Voronezh,3,iOS,ads
3887,0,14,Russia,Voronezh,3,iOS,ads
11019,0,14,Russia,Voronezh,3,Android,ads
83411,0,14,Russia,Voronezh,3,Android,ads
15509,0,14,Russia,Voronezh,3,iOS,ads
151841,1,14,Russia,Voronezh,4,Android,organic
116446,0,14,Russia,Voronezh,4,iOS,organic
18278,0,14,Russia,Voronezh,4,Android,ads
110611,1,14,Russia,Voronezh,4,Android,organic
29604,0,14,Russia,Voronezh,4,Android,ads
